,Start_Date,End_Date,Total_Doses,Week
0,2020-12-13,2020-12-19,1139003,51.0
1,2020-12-20,2020-12-26,1878155,52.0
2,2020-12-27,2021-01-02,3105966,53.0
3,2021-01-03,2021-01-09,5613572,1.0
4,2021-01-10,2021-01-16,7179128,2.0
5,2021-01-17,2021-01-23,8371239,3.0
6,2021-01-24,2021-01-30,10315441,4.0
7,2021-01-31,2021-02-06,11781298,5.0
8,2021-02-07,2021-02-13,12835915,6.0
9,2021-02-14,2021-02-20,10537483,7.0
10,2021-02-21,2021-02-27,14618838,8.0
11,2021-02-28,2021-03-06,16866398,9.0
12,2021-03-07,2021-03-13,18101530,10.0
13,2021-03-14,2021-03-20,18226864,11.0
14,2021-03-21,2021-03-27,20112089,12.0
15,2021-03-28,2021-04-03,22347928,13.0
16,2021-04-04,2021-04-10,23919295,14.0
17,2021-04-11,2021-04-17,21370778,15.0
18,2021-04-18,2021-04-24,19499596,16.0
19,2021-04-25,2021-05-01,17262209,17.0
20,2021-05-02,2021-05-08,14533238,18.0
21,2021-05-09,2021-05-15,12927617,19.0
22,2021-05-16,2021-05-22,12509802,20.0
23,2021-05-23,2021-05-29,8352627,21.0
24,2021-05-30,2021-06-05,6760398,22.0
25,2021-06-06,2021-06-12,7276919,23.0
26,2021-06-13,2021-06-19,5658109,24.0
27,2021-06-20,2021-06-26,4321894,25.0
28,2021-06-27,2021-07-03,3694333,26.0
29,2021-07-04,2021-07-10,3216273,27.0
30,2021-07-11,2021-07-17,3376787,28.0
31,2021-07-18,2021-07-24,3906832,29.0
32,2021-07-25,2021-07-31,4420578,30.0
33,2021-08-01,2021-08-07,4896128,31.0
34,2021-08-08,2021-08-14,5122689,32.0
35,2021-08-15,2021-08-21,5914847,33.0
36,2021-08-22,2021-08-28,6141348,34.0
37,2021-08-29,2021-09-04,5778137,35.0
38,2021-09-05,2021-09-11,4817898,36.0
39,2021-09-12,2021-09-18,4870834,37.0
40,2021-09-19,2021-09-25,4717424,38.0
41,2021-09-26,2021-10-02,6892309,39.0
42,2021-10-03,2021-10-09,6177261,40.0
43,2021-10-10,2021-10-16,5511978,41.0
44,2021-10-17,2021-10-23,5882700,42.0
45,2021-10-24,2021-10-30,9479733,43.0
46,2021-10-31,2021-11-06,9701587,44.0
47,2021-11-07,2021-11-13,10322766,45.0
48,2021-11-14,2021-11-20,10800140,46.0
49,2021-11-21,2021-11-27,7859898,47.0
50,2021-11-28,2021-12-04,12623873,48.0
51,2021-12-05,2021-12-11,11838065,49.0
52,2021-12-12,2021-12-18,10559329,50.0
53,2021-12-19,2021-12-25,8252646,51.0
54,2021-12-26,2022-01-01,7718282,52.0
55,2022-01-02,2022-01-08,8830214,1.0
56,2022-01-09,2022-01-15,7986873,2.0
57,2022-01-16,2022-01-22,5886387,3.0
58,2022-01-23,2022-01-29,4984303,4.0
59,2022-01-30,2022-02-05,3739604,5.0
60,2022-02-06,2022-02-12,3223949,6.0
61,2022-02-13,2022-02-19,2557553,7.0
62,2022-02-20,2022-02-26,2159700,8.0
63,2022-02-27,2022-03-05,1758088,9.0
64,2022-03-06,2022-03-12,1362566,10.0
65,2022-03-13,2022-03-19,1297505,11.0
66,2022-03-20,2022-03-26,1202584,12.0
67,2022-03-27,2022-04-02,2420038,13.0
68,2022-04-03,2022-04-09,3525193,14.0
69,2022-04-10,2022-04-16,3420256,15.0
70,2022-04-17,2022-04-23,2944223,16.0
71,2022-04-24,2022-04-30,2752280,17.0
72,2022-05-01,2022-05-07,2459814,18.0
73,2022-05-08,2022-05-14,2493962,19.0
74,2022-05-15,2022-05-21,2594074,20.0
75,2022-05-22,2022-05-28,2506809,21.0
76,2022-05-29,2022-06-04,1863074,22.0
77,2022-06-05,2022-06-11,1902930,23.0
78,2022-06-12,2022-06-18,1639823,24.0
79,2022-06-19,2022-06-25,1619845,25.0
80,2022-06-26,2022-07-02,1556264,26.0
81,2022-07-03,2022-07-09,1323703,27.0
82,2022-07-10,2022-07-16,2000550,28.0
83,2022-07-17,2022-07-23,2169617,29.0
84,2022-07-24,2022-07-30,1818226,30.0
85,2022-07-31,2022-08-06,1468085,31.0
86,2022-08-07,2022-08-13,1294061,32.0
87,2022-08-14,2022-08-20,1153621,33.0
88,2022-08-21,2022-08-27,991743,34.0
89,2022-08-28,2022-09-03,708670,35.0
90,2022-09-04,2022-09-10,1953854,36.0
91,2022-09-11,2022-09-17,3498445,37.0
92,2022-09-18,2022-09-24,4010678,38.0
93,2022-09-25,2022-10-01,4304340,39.0
94,2022-10-02,2022-10-08,4521549,40.0
95,2022-10-09,2022-10-15,4615972,41.0
96,2022-10-16,2022-10-22,4551371,42.0
97,2022-10-23,2022-10-29,4591774,43.0
98,2022-10-30,2022-11-05,3840875,44.0
99,2022-11-06,2022-11-12,3327466,45.0
100,2022-11-13,2022-11-19,3074426,46.0
101,2022-11-20,2022-11-26,1827976,47.0
102,2022-11-27,2022-12-03,2267466,48.0
103,2022-12-04,2022-12-10,2228895,49.0
104,2022-12-11,2022-12-17,2110617,50.0
105,2022-12-18,2022-12-24,1479730,51.0
106,2022-12-25,2022-12-31,1212616,52.0
107,2023-01-01,2023-01-07,1214691,1.0
108,2023-01-08,2023-01-14,1200986,2.0
109,2023-01-15,2023-01-21,822301,3.0
110,2023-01-22,2023-01-28,692366,4.0
111,2023-01-29,2023-02-04,587873,5.0
112,2023-02-05,2023-02-11,541481,6.0
113,2023-02-12,2023-02-18,456652,7.0
114,2023-02-19,2023-02-25,409612,8.0
115,2023-02-26,2023-03-04,412114,9.0
116,2023-03-05,2023-03-11,385189,10.0
117,2023-03-12,2023-03-18,356430,11.0
118,2023-03-19,2023-03-25,342398,12.0
119,2023-03-26,2023-04-01,322048,13.0
120,2023-04-02,2023-04-08,285961,14.0
121,2023-04-09,2023-04-15,269637,15.0
122,2023-04-16,2023-04-22,321440,16.0
123,2023-04-23,2023-04-29,510107,17.0
124,2023-04-30,2023-05-06,556484,18.0
125,2023-05-07,2023-05-13,88771,19.0
